<?xml version="1.0" encoding="UTF-8"?>
<project-private xmlns="http://www.netbeans.org/ns/project-private/1">
    <editor-bookmarks xmlns="http://www.netbeans.org/ns/editor-bookmarks/2" lastBookmarkId="0"/>
    <open-files xmlns="http://www.netbeans.org/ns/projectui-open-files/2">
        <group>
            <file>file:/D:/xampp/htdocs/WebD3MI/login.php</file>
            <file>file:/D:/xampp/htdocs/WebD3MI/mahasiswa.php</file>
            <file>file:/D:/xampp/htdocs/WebD3MI/tampil_update.php</file>
            <file>file:/D:/xampp/htdocs/WebD3MI/tambah.php</file>
            <file>file:/D:/xampp/htdocs/WebD3MI/index.php</file>
        </group>
    </open-files>
</project-private>
