<?xml version="1.0" encoding="UTF-8"?>
<project-private xmlns="http://www.netbeans.org/ns/project-private/1">
    <editor-bookmarks xmlns="http://www.netbeans.org/ns/editor-bookmarks/2" lastBookmarkId="0"/>
    <open-files xmlns="http://www.netbeans.org/ns/projectui-open-files/2">
        <group>
            <file>file:/home/codetr/Documents/ASISTEN/new/PBO/PendataanPengangguran/src/pendataan_pengangguran/Pendataan.java</file>
            <file>file:/home/codetr/Documents/ASISTEN/new/PBO/PendataanPengangguran/src/pendataan_pengangguran/PendataanView.java</file>
            <file>file:/home/codetr/Documents/ASISTEN/new/PBO/PendataanPengangguran/src/pendataan_pengangguran/Pendataan_Interface.java</file>
            <file>file:/home/codetr/Documents/ASISTEN/new/PBO/PendataanPengangguran/src/pendataan_pengangguran/PendataanImp.java</file>
        </group>
    </open-files>
</project-private>
